Дата,Ваксина,Пол,Възрастова група,Брой починали
2021/01/01,-,-,-,0
2021/01/02,-,-,-,0
2021/01/03,-,-,-,0
2021/01/04,-,-,-,0
2021/01/05,-,-,-,0
2021/01/06,-,-,-,0
2021/01/07,-,-,-,0
2021/01/08,-,-,-,0
2021/01/09,-,-,-,0
2021/01/10,-,-,-,0
2021/01/11,-,-,-,0
2021/01/12,-,-,-,0
2021/01/13,-,-,-,0
2021/01/14,-,-,-,0
2021/01/15,-,-,-,0
2021/01/16,-,-,-,0
2021/01/17,-,-,-,0
2021/01/18,-,-,-,0
2021/01/19,-,-,-,0
2021/01/20,-,-,-,0
2021/01/21,-,-,-,0
2021/01/22,-,-,-,0
2021/01/23,-,-,-,0
2021/01/24,-,-,-,0
2021/01/25,-,-,-,0
2021/01/26,-,-,-,0
2021/01/27,-,-,-,0
2021/01/28,-,-,-,0
2021/01/29,-,-,-,0
2021/01/30,-,-,-,0
2021/01/31,-,-,-,0
2021/02/01,-,-,-,0
2021/02/02,-,-,-,0
2021/02/03,-,-,-,0
2021/02/04,-,-,-,0
2021/02/05,-,-,-,0
2021/02/06,-,-,-,0
2021/02/07,-,-,-,0
2021/02/08,-,-,-,0
2021/02/09,-,-,-,0
2021/02/10,-,-,-,0
2021/02/11,-,-,-,0
2021/02/12,-,-,-,0
2021/02/13,-,-,-,0
2021/02/14,-,-,-,0
2021/02/15,-,-,-,0
2021/02/16,-,-,-,0
2021/02/17,-,-,-,0
2021/02/18,-,-,-,0
2021/02/19,-,-,-,0
2021/02/20,-,-,-,0
2021/02/21,-,-,-,0
2021/02/22,-,-,-,0
2021/02/23,-,-,-,0
2021/02/24,-,-,-,0
2021/02/25,-,-,-,0
2021/02/26,-,-,-,0
2021/02/27,-,-,-,0
2021/02/28,-,-,-,0
2021/03/01,-,-,-,0
2021/03/02,-,-,-,0
2021/03/03,-,-,-,0
2021/03/04,-,-,-,0
2021/03/05,-,-,-,0
2021/03/06,-,-,-,0
2021/03/07,-,-,-,0
2021/03/08,-,-,-,0
2021/03/09,-,-,-,0
2021/03/10,-,-,-,0
2021/03/11,-,-,-,0
2021/03/12,-,-,-,0
2021/03/13,-,-,-,0
2021/03/14,-,-,-,0
2021/03/15,-,-,-,0
2021/03/16,-,-,-,0
2021/03/17,-,-,-,0
2021/03/18,-,-,-,0
2021/03/19,-,-,-,0
2021/03/20,-,-,-,0
2021/03/21,-,-,-,0
2021/03/22,-,-,-,0
2021/03/23,-,-,-,0
2021/03/24,-,-,-,0
2021/03/25,-,-,-,0
2021/03/26,-,-,-,0
2021/03/27,-,-,-,0
2021/03/28,-,-,-,0
2021/03/29,-,-,-,0
2021/03/30,-,-,-,0
2021/03/31,-,-,-,0
2021/04/01,-,-,-,0
2021/04/02,-,-,-,0
2021/04/03,-,-,-,0
2021/04/04,-,-,-,0
2021/04/05,-,-,-,0
2021/04/06,-,-,-,0
2021/04/07,-,-,-,0
2021/04/08,-,-,-,0
2021/04/09,-,-,-,0
2021/04/10,-,-,-,0
2021/04/11,-,-,-,0
2021/04/12,-,-,-,0
2021/04/13,-,-,-,0
2021/04/14,-,-,-,0
2021/04/15,-,-,-,0
2021/04/16,-,-,-,0
2021/04/17,-,-,-,0
2021/04/18,-,-,-,0
2021/04/19,-,-,-,0
2021/04/20,-,-,-,0
2021/04/21,-,-,-,0
2021/04/22,-,-,-,0
2021/04/23,-,-,-,0
2021/04/24,-,-,-,0
2021/04/24,COM,Мъж,60 - 69,1
2021/04/26,-,-,-,0
2021/04/27,-,-,-,0
2021/04/28,-,-,-,0
2021/04/29,-,-,-,0
2021/04/30,-,-,-,0
2021/05/01,-,-,-,0
2021/05/02,-,-,-,0
2021/05/03,-,-,-,0
2021/05/04,-,-,-,0
2021/05/05,-,-,-,0
2021/05/06,-,-,-,0
2021/05/07,-,-,-,0
2021/05/08,-,-,-,0
2021/05/09,-,-,-,0
2021/05/10,-,-,-,0
2021/05/11,-,-,-,0
2021/05/12,-,-,-,0
2021/05/13,-,-,-,0
2021/05/14,-,-,-,0
2021/05/15,-,-,-,0
2021/05/16,-,-,-,0
2021/05/17,-,-,-,0
2021/05/18,-,-,-,0
2021/05/19,-,-,-,0
2021/05/20,-,-,-,0
2021/05/21,-,-,-,0
2021/05/22,-,-,-,0
2021/05/23,-,-,-,0
2021/05/24,-,-,-,0
2021/05/25,-,-,-,0
2021/05/26,-,-,-,0
2021/05/27,-,-,-,0
2021/05/27,MOD,Мъж,70 - 79,1
2021/05/28,COM,Жена,80 - 89,1
2021/05/30,-,-,-,0
2021/05/31,-,-,-,0
2021/06/01,-,-,-,0
2021/06/02,-,-,-,0
2021/06/03,-,-,-,0
2021/06/04,-,-,-,0
2021/06/05,-,-,-,0
2021/06/06,AZ,Мъж,60 - 69,1
2021/06/06,-,-,-,0
2021/06/08,-,-,-,0
2021/06/09,-,-,-,0
2021/06/10,-,-,-,0
2021/06/11,-,-,-,0
2021/06/12,-,-,-,0
2021/06/13,-,-,-,0
2021/06/14,-,-,-,0
2021/06/15,-,-,-,0
2021/06/16,-,-,-,0
2021/06/17,-,-,-,0
2021/06/18,-,-,-,0
2021/06/19,-,-,-,0
2021/06/20,-,-,-,0
2021/06/21,-,-,-,0
2021/06/22,COM,Жена,70 - 79,1
2021/06/22,-,-,-,0
2021/06/24,-,-,-,0
2021/06/25,-,-,-,0
2021/06/26,-,-,-,0
2021/06/27,-,-,-,0
2021/06/28,-,-,-,0
2021/06/29,-,-,-,0
2021/06/30,-,-,-,0
2021/07/01,-,-,-,0
2021/07/02,-,-,-,0
2021/07/03,-,-,-,0
2021/07/04,-,-,-,0
2021/07/05,-,-,-,0
2021/07/06,-,-,-,0
2021/07/07,-,-,-,0
2021/07/08,-,-,-,0
2021/07/09,-,-,-,0
2021/07/10,-,-,-,0
2021/07/11,-,-,-,0
2021/07/12,-,-,-,0
2021/07/13,-,-,-,0
2021/07/14,-,-,-,0
2021/07/15,-,-,-,0
2021/07/16,-,-,-,0
2021/07/17,-,-,-,0
2021/07/18,-,-,-,0
2021/07/19,-,-,-,0
2021/07/20,-,-,-,0
2021/07/21,AZ,Мъж,70 - 79,1
2021/07/21,-,-,-,0
2021/07/23,-,-,-,0
2021/07/24,-,-,-,0
2021/07/25,-,-,-,0
2021/07/26,-,-,-,0
2021/07/27,-,-,-,0
2021/07/28,-,-,-,0
2021/07/29,-,-,-,0
2021/07/30,-,-,-,0
2021/07/31,-,-,-,0
2021/08/01,-,-,-,0
2021/08/02,COM,Мъж,30 - 39,1
2021/08/02,-,-,-,0
2021/08/04,-,-,-,0
2021/08/05,-,-,-,0
2021/08/06,-,-,-,0
2021/08/06,AZ,Жена,70 - 79,1
2021/08/08,-,-,-,0
2021/08/09,-,-,-,0
2021/08/10,-,-,-,0
2021/08/11,-,-,-,0
2021/08/11,JANSS,Мъж,60 - 69,1
2021/08/13,-,-,-,0
2021/08/14,-,-,-,0
2021/08/15,-,-,-,0
2021/08/16,MOD,Мъж,70 - 79,1
2021/08/16,-,-,-,0
2021/08/18,-,-,-,0
2021/08/18,JANSS,Жена,70 - 79,1
2021/08/18,AZ,Мъж,60 - 69,1
2021/08/19,AZ,Мъж,80 - 89,1
2021/08/21,AZ,Жена,70 - 79,1
2021/08/21,-,-,-,0
2021/08/22,COM,Мъж,60 - 69,1
2021/08/23,AZ,Жена,60 - 69,1
2021/08/23,AZ,Мъж,60 - 69,1
2021/08/25,-,-,-,0
2021/08/25,COM,Жена,80 - 89,1
2021/08/26,JANSS,Жена,50 - 59,1
2021/08/27,MOD,Жена,70 - 79,1
2021/08/29,MOD,Мъж,70 - 79,1
2021/08/29,-,-,-,0
2021/08/30,JANSS,Мъж,80 - 89,1
2021/08/30,AZ,Мъж,60 - 69,1
2021/08/30,COM,Жена,60 - 69,1
2021/08/30,AZ,Жена,80 - 89,1
2021/08/30,COM,Мъж,70 - 79,1
2021/08/30,COM,Мъж,80 - 89,1
2021/08/31,COM,Мъж,60 - 69,1
2021/09/01,COM,Мъж,60 - 69,1
2021/09/01,COM,Жена,80 - 89,1
2021/09/01,COM,Мъж,70 - 79,1
2021/09/02,COM,Жена,80 - 89,1
2021/09/03,AZ,Мъж,70 - 79,1
2021/09/04,COM,Жена,70 - 79,1
2021/09/06,COM,Жена,50 - 59,1
2021/09/06,-,-,-,0
2021/09/07,MOD,Жена,60 - 69,1
2021/09/07,COM,Мъж,80 - 89,1
2021/09/07,AZ,Мъж,70 - 79,1
2021/09/07,MOD,Жена,80 - 89,1
2021/09/07,COM,Мъж,70 - 79,1
2021/09/09,-,-,-,0
2021/09/09,COM,Мъж,80 - 89,1
2021/09/10,MOD,Мъж,70 - 79,1
2021/09/10,COM,Мъж,70 - 79,1
2021/09/12,-,-,-,0
2021/09/12,COM,Жена,80 - 89,1
2021/09/12,AZ,Мъж,60 - 69,1
2021/09/13,COM,Мъж,70 - 79,1
2021/09/13,AZ,Мъж,70 - 79,1
2021/09/13,JANSS,Жена,50 - 59,1
2021/09/13,JANSS,Мъж,60 - 69,1
2021/09/13,JANSS,Жена,60 - 69,1
2021/09/13,AZ,Мъж,60 - 69,1
2021/09/14,COM,Мъж,80 - 89,1
2021/09/14,COM,Жена,80 - 89,1
2021/09/15,COM,Мъж,80 - 89,1
2021/09/15,AZ,Мъж,80 - 89,1
2021/09/15,MOD,Жена,80 - 89,1
2021/09/16,AZ,Жена,80 - 89,1
2021/09/16,COM,Мъж,70 - 79,1
2021/09/17,COM,Жена,60 - 69,1
2021/09/17,COM,Мъж,70 - 79,1
2021/09/18,COM,Жена,40 - 49,1
2021/09/18,COM,Жена,70 - 79,1
2021/09/19,COM,Жена,60 - 69,1
2021/09/20,COM,Мъж,70 - 79,1
2021/09/20,COM,Мъж,60 - 69,1
2021/09/20,AZ,Мъж,70 - 79,1
2021/09/20,JANSS,Мъж,40 - 49,1
2021/09/20,JANSS,Жена,40 - 49,1
2021/09/21,MOD,Жена,80 - 89,1
2021/09/22,COM,Мъж,70 - 79,1
2021/09/22,AZ,Мъж,80 - 89,1
2021/09/23,AZ,Мъж,60 - 69,1
2021/09/23,COM,Мъж,60 - 69,1
2021/09/23,AZ,Мъж,70 - 79,2
2021/09/23,COM,Мъж,70 - 79,2
2021/09/24,COM,Жена,60 - 69,1
2021/09/26,COM,Мъж,80 - 89,1
2021/09/26,-,-,-,0
2021/09/26,AZ,Жена,80 - 89,1
2021/09/26,AZ,Жена,70 - 79,1
2021/09/26,AZ,Мъж,70 - 79,1
2021/09/27,COM,Мъж,80 - 89,1
2021/09/27,COM,Мъж,50 - 59,2
2021/09/27,COM,Жена,70 - 79,1
2021/09/27,JANSS,Мъж,70 - 79,2
2021/09/27,AZ,Мъж,70 - 79,2
2021/09/27,COM,Мъж,40 - 49,1
2021/09/27,AZ,Мъж,80 - 89,1
2021/09/28,COM,Мъж,60 - 69,1
2021/09/28,JANSS,Мъж,60 - 69,2
2021/09/29,AZ,Жена,80 - 89,2
2021/09/29,COM,Мъж,80 - 89,1
2021/09/29,COM,Мъж,70 - 79,2
2021/09/29,JANSS,Мъж,70 - 79,1
2021/09/29,AZ,Жена,60 - 69,1
2021/09/29,AZ,Жена,70 - 79,1
2021/09/29,COM,Мъж,60 - 69,1
2021/09/30,AZ,Жена,60 - 69,1
2021/09/30,COM,Мъж,70 - 79,1
2021/09/30,AZ,Мъж,80 - 89,1
2021/09/30,MOD,Жена,60 - 69,1
2021/09/30,COM,Жена,70 - 79,1
2021/10/01,COM,Мъж,80 - 89,1
2021/10/01,COM,Жена,70 - 79,1
2021/10/01,JANSS,Мъж,90+,1
2021/10/02,JANSS,Жена,70 - 79,1
2021/10/02,COM,Жена,60 - 69,1
2021/10/03,JANSS,Мъж,50 - 59,1
2021/10/03,COM,Мъж,90+,1
2021/10/03,AZ,Мъж,80 - 89,1
2021/10/04,AZ,Мъж,70 - 79,2
2021/10/04,JANSS,Мъж,40 - 49,1
2021/10/04,AZ,Мъж,60 - 69,1
2021/10/04,COM,Мъж,80 - 89,1
2021/10/04,COM,Мъж,50 - 59,1
2021/10/04,JANSS,Жена,60 - 69,1
2021/10/05,JANSS,Мъж,70 - 79,1
2021/10/05,MOD,Мъж,60 - 69,1
2021/10/05,MOD,Мъж,50 - 59,1
2021/10/05,AZ,Мъж,70 - 79,1
2021/10/06,JANSS,Мъж,50 - 59,1
2021/10/06,JANSS,Мъж,60 - 69,1
2021/10/06,MOD,Мъж,50 - 59,1
2021/10/06,COM,Мъж,60 - 69,1
2021/10/06,AZ,Мъж,70 - 79,1
2021/10/06,JANSS,Жена,70 - 79,1
2021/10/07,MOD,Мъж,80 - 89,1
2021/10/07,AZ,Жена,70 - 79,1
2021/10/07,JANSS,Мъж,40 - 49,2
2021/10/07,COM,Жена,70 - 79,1
2021/10/07,COM,Мъж,90+,1
2021/10/07,JANSS,Жена,70 - 79,1
2021/10/07,COM,Мъж,80 - 89,3
2021/10/08,JANSS,Мъж,50 - 59,1
2021/10/08,JANSS,Жена,70 - 79,1
2021/10/08,COM,Мъж,80 - 89,1
2021/10/08,MOD,Мъж,80 - 89,1
2021/10/09,COM,Мъж,80 - 89,1
2021/10/09,JANSS,Мъж,50 - 59,1
2021/10/10,AZ,Мъж,50 - 59,1
2021/10/10,AZ,Мъж,70 - 79,1
2021/10/11,COM,Мъж,70 - 79,1
2021/10/11,COM,Мъж,60 - 69,2
2021/10/11,JANSS,Мъж,60 - 69,1
2021/10/11,JANSS,Жена,90+,1
2021/10/11,JANSS,Мъж,50 - 59,1
2021/10/11,COM,Мъж,90+,1
2021/10/11,AZ,Мъж,70 - 79,3
2021/10/11,COM,Жена,70 - 79,1
2021/10/12,COM,Мъж,60 - 69,1
2021/10/12,JANSS,Мъж,70 - 79,1
2021/10/12,JANSS,Жена,60 - 69,1
2021/10/12,AZ,Мъж,70 - 79,1
2021/10/12,AZ,Жена,70 - 79,1
2021/10/12,COM,Мъж,70 - 79,1
2021/10/12,JANSS,Жена,80 - 89,1
2021/10/12,AZ,Жена,50 - 59,1
2021/10/13,AZ,Жена,50 - 59,1
2021/10/13,COM,Мъж,70 - 79,1
2021/10/13,MOD,Жена,70 - 79,1
2021/10/13,AZ,Жена,70 - 79,1
2021/10/14,AZ,Мъж,60 - 69,1
2021/10/14,JANSS,Жена,60 - 69,1
2021/10/14,JANSS,Мъж,50 - 59,1
2021/10/14,AZ,Мъж,70 - 79,2
2021/10/14,MOD,Мъж,60 - 69,1
2021/10/15,COM,Жена,70 - 79,1
2021/10/15,AZ,Мъж,80 - 89,1
2021/10/15,AZ,Жена,70 - 79,2
2021/10/15,COM,Жена,80 - 89,1
2021/10/15,COM,Мъж,70 - 79,1
2021/10/15,COM,Жена,60 - 69,1
2021/10/16,JANSS,Мъж,40 - 49,1
2021/10/16,JANSS,Мъж,60 - 69,1
2021/10/16,COM,Мъж,70 - 79,1
2021/10/16,COM,Жена,80 - 89,1
2021/10/17,COM,Жена,60 - 69,1
2021/10/17,COM,Жена,70 - 79,1
2021/10/18,AZ,Жена,70 - 79,1
2021/10/18,AZ,Мъж,60 - 69,1
2021/10/18,COM,Мъж,50 - 59,2
2021/10/18,COM,Мъж,60 - 69,2
2021/10/18,COM,Жена,70 - 79,2
2021/10/18,COM,Мъж,80 - 89,2
2021/10/18,AZ,Мъж,70 - 79,1
2021/10/18,COM,Мъж,70 - 79,1
2021/10/19,JANSS,Жена,60 - 69,1
2021/10/19,COM,Мъж,60 - 69,1
2021/10/19,COM,Мъж,50 - 59,2
2021/10/19,COM,Жена,70 - 79,1
2021/10/19,JANSS,Мъж,80 - 89,1
2021/10/20,MOD,Мъж,80 - 89,1
2021/10/20,COM,Мъж,60 - 69,1
2021/10/20,AZ,Мъж,70 - 79,1
2021/10/20,COM,Мъж,80 - 89,1
2021/10/20,JANSS,Мъж,30 - 39,1
2021/10/20,COM,Жена,70 - 79,1
2021/10/20,JANSS,Мъж,80 - 89,1
2021/10/21,JANSS,Мъж,70 - 79,1
2021/10/21,AZ,Жена,50 - 59,1
2021/10/21,JANSS,Мъж,80 - 89,1
2021/10/21,AZ,Мъж,40 - 49,2
2021/10/21,COM,Жена,80 - 89,3
2021/10/21,JANSS,Мъж,60 - 69,1
2021/10/22,COM,Мъж,70 - 79,1
2021/10/22,COM,Мъж,60 - 69,1
2021/10/22,AZ,Жена,70 - 79,1
2021/10/22,AZ,Мъж,70 - 79,3
2021/10/22,COM,Жена,70 - 79,2
2021/10/22,JANSS,Жена,60 - 69,1
2021/10/22,COM,Мъж,80 - 89,1
2021/10/23,COM,Жена,60 - 69,1
2021/10/23,COM,Мъж,80 - 89,1
2021/10/23,AZ,Мъж,70 - 79,1
2021/10/24,COM,Мъж,80 - 89,1
2021/10/25,JANSS,Мъж,80 - 89,1
2021/10/25,COM,Мъж,70 - 79,2
2021/10/25,JANSS,Мъж,40 - 49,1
2021/10/25,AZ,Мъж,60 - 69,1
2021/10/25,AZ,Жена,80 - 89,1
2021/10/25,AZ,Мъж,50 - 59,1
2021/10/25,MOD,Жена,80 - 89,1
2021/10/25,JANSS,Жена,80 - 89,1
2021/10/26,AZ,Мъж,60 - 69,1
2021/10/26,COM,Мъж,80 - 89,1
2021/10/26,COM,Жена,80 - 89,1
2021/10/26,AZ,Мъж,70 - 79,1
2021/10/26,COM,Мъж,60 - 69,1
2021/10/26,COM,Жена,70 - 79,2
2021/10/27,COM,Жена,80 - 89,2
2021/10/27,AZ,Жена,70 - 79,1
2021/10/27,COM,Мъж,60 - 69,3
2021/10/27,JANSS,Мъж,60 - 69,1
2021/10/27,COM,Мъж,70 - 79,2
2021/10/27,COM,Жена,70 - 79,1
2021/10/28,AZ,Жена,80 - 89,1
2021/10/28,COM,Мъж,70 - 79,1
2021/10/28,COM,Мъж,60 - 69,1
2021/10/28,AZ,Мъж,60 - 69,1
2021/10/28,AZ,Мъж,70 - 79,1
2021/10/28,JANSS,Жена,60 - 69,1
2021/10/28,AZ,Жена,70 - 79,1
2021/10/28,JANSS,Мъж,70 - 79,1
2021/10/29,AZ,Мъж,80 - 89,1
2021/10/29,COM,Жена,70 - 79,1
2021/10/29,COM,Мъж,70 - 79,2
2021/10/29,COM,Мъж,60 - 69,1
2021/10/29,AZ,Мъж,70 - 79,2
2021/10/29,AZ,Жена,70 - 79,3
2021/10/29,COM,Жена,80 - 89,1
2021/10/29,MOD,Жена,50 - 59,1
2021/10/30,JANSS,Мъж,50 - 59,1
2021/10/30,AZ,Мъж,80 - 89,1
2021/10/30,COM,Мъж,70 - 79,1
2021/10/30,JANSS,Мъж,70 - 79,1
2021/10/31,JANSS,Жена,60 - 69,2
2021/10/31,MOD,Жена,70 - 79,1
2021/10/31,JANSS,Мъж,60 - 69,1
2021/10/31,COM,Мъж,60 - 69,1
2021/10/31,COM,Жена,70 - 79,1
2021/11/01,AZ,Жена,70 - 79,1
2021/11/01,COM,Жена,60 - 69,1
2021/11/01,JANSS,Жена,80 - 89,1
2021/11/01,MOD,Жена,70 - 79,1
2021/11/01,COM,Мъж,50 - 59,1
2021/11/01,COM,Мъж,70 - 79,3
2021/11/01,JANSS,Мъж,60 - 69,1
2021/11/01,COM,Жена,80 - 89,2
2021/11/01,AZ,Мъж,70 - 79,2
2021/11/01,JANSS,Мъж,50 - 59,1
2021/11/01,COM,Мъж,60 - 69,4
2021/11/01,COM,Жена,70 - 79,1
2021/11/02,JANSS,Мъж,50 - 59,2
2021/11/02,COM,Жена,70 - 79,1
2021/11/02,COM,Мъж,80 - 89,1
2021/11/02,COM,Мъж,60 - 69,1
2021/11/02,COM,Мъж,70 - 79,2
2021/11/02,AZ,Жена,70 - 79,1
2021/11/02,COM,Жена,60 - 69,1
2021/11/02,AZ,Мъж,60 - 69,3
2021/11/02,AZ,Жена,80 - 89,1
2021/11/03,COM,Мъж,80 - 89,2
2021/11/03,AZ,Мъж,50 - 59,1
2021/11/03,COM,Жена,70 - 79,1
2021/11/03,AZ,Мъж,70 - 79,1
2021/11/03,AZ,Жена,80 - 89,1
2021/11/03,COM,Мъж,70 - 79,1
2021/11/03,COM,Жена,60 - 69,1
2021/11/03,JANSS,Мъж,50 - 59,1
2021/11/04,COM,Жена,80 - 89,2
2021/11/04,MOD,Мъж,80 - 89,1
2021/11/04,COM,Жена,70 - 79,1
2021/11/04,AZ,Мъж,60 - 69,1
2021/11/04,AZ,Мъж,80 - 89,2
2021/11/04,AZ,Мъж,70 - 79,1
2021/11/04,COM,Мъж,60 - 69,1
2021/11/04,COM,Мъж,70 - 79,2
2021/11/04,AZ,Жена,60 - 69,1
2021/11/04,AZ,Жена,70 - 79,3
2021/11/04,COM,Жена,90+,1
2021/11/05,AZ,Мъж,70 - 79,4
2021/11/05,JANSS,Мъж,60 - 69,1
2021/11/05,AZ,Жена,60 - 69,1
2021/11/05,AZ,Жена,80 - 89,1
2021/11/05,COM,Мъж,70 - 79,1
2021/11/05,COM,Жена,60 - 69,1
2021/11/05,COM,Жена,90+,1
2021/11/05,AZ,Жена,70 - 79,1
2021/11/05,MOD,Мъж,40 - 49,1
2021/11/05,COM,Жена,80 - 89,1
2021/11/06,COM,Мъж,70 - 79,1
2021/11/07,MOD,Жена,70 - 79,1
2021/11/07,COM,Жена,70 - 79,1
2021/11/07,JANSS,Мъж,70 - 79,1
2021/11/07,AZ,Мъж,80 - 89,1
2021/11/07,COM,Мъж,70 - 79,1
2021/11/07,AZ,Мъж,70 - 79,1
2021/11/07,MOD,Мъж,80 - 89,1
2021/11/08,COM,Жена,70 - 79,3
2021/11/08,COM,Мъж,60 - 69,1
2021/11/08,JANSS,Мъж,40 - 49,1
2021/11/08,JANSS,Мъж,60 - 69,1
2021/11/08,MOD,Мъж,60 - 69,1
2021/11/08,COM,Мъж,80 - 89,3
2021/11/08,JANSS,Мъж,90+,1
2021/11/08,AZ,Мъж,70 - 79,4
2021/11/08,COM,Мъж,50 - 59,1
2021/11/08,MOD,Жена,80 - 89,1
2021/11/08,COM,Жена,80 - 89,1
2021/11/08,COM,Мъж,70 - 79,1
2021/11/09,JANSS,Мъж,60 - 69,1
2021/11/09,JANSS,Мъж,50 - 59,3
2021/11/09,MOD,Мъж,40 - 49,1
2021/11/09,JANSS,Мъж,70 - 79,1
2021/11/10,AZ,Мъж,70 - 79,2
2021/11/10,MOD,Мъж,70 - 79,1
2021/11/10,AZ,Жена,70 - 79,2
2021/11/10,COM,Мъж,30 - 39,1
2021/11/10,COM,Жена,70 - 79,1
2021/11/10,JANSS,Жена,80 - 89,1
2021/11/10,COM,Мъж,80 - 89,5
2021/11/10,MOD,Мъж,50 - 59,1
2021/11/10,JANSS,Мъж,70 - 79,1
2021/11/11,AZ,Мъж,50 - 59,1
2021/11/11,JANSS,Жена,70 - 79,1
2021/11/11,COM,Жена,80 - 89,1
2021/11/11,AZ,Мъж,60 - 69,1
2021/11/11,AZ,Мъж,80 - 89,1
2021/11/11,COM,Жена,50 - 59,1
2021/11/12,JANSS,Жена,60 - 69,2
2021/11/12,COM,Мъж,60 - 69,1
2021/11/12,AZ - COM,Мъж,60 - 69,1
2021/11/12,AZ,Жена,60 - 69,1
2021/11/12,COM,Мъж,90+,1
2021/11/12,JANSS,Мъж,80 - 89,1
2021/11/12,COM,Жена,60 - 69,1
2021/11/12,JANSS,Мъж,60 - 69,1
2021/11/13,JANSS,Жена,40 - 49,2
2021/11/13,COM,Мъж,80 - 89,2
2021/11/13,COM,Жена,80 - 89,1
2021/11/13,AZ,Мъж,80 - 89,1
2021/11/14,AZ,Мъж,70 - 79,1
2021/11/14,JANSS,Мъж,50 - 59,1
2021/11/15,AZ,Жена,60 - 69,1
2021/11/15,AZ,Мъж,60 - 69,1
2021/11/15,AZ,Мъж,70 - 79,4
2021/11/15,COM,Мъж,30 - 39,1
2021/11/15,MOD,Мъж,80 - 89,1
2021/11/15,AZ,Мъж,80 - 89,1
2021/11/16,AZ,Мъж,80 - 89,1
2021/11/16,COM,Мъж,80 - 89,2
2021/11/16,AZ,Мъж,70 - 79,1
2021/11/16,JANSS,Жена,70 - 79,1
2021/11/16,JANSS,Мъж,50 - 59,2
2021/11/16,COM,Мъж,60 - 69,1
2021/11/16,COM,Жена,80 - 89,1
2021/11/16,MOD,Мъж,70 - 79,1
2021/11/16,MOD,Мъж,80 - 89,1
2021/11/16,COM,Жена,70 - 79,1
2021/11/17,COM,Мъж,80 - 89,4
2021/11/17,MOD,Мъж,70 - 79,1
2021/11/17,MOD,Жена,90+,1
2021/11/17,AZ,Жена,80 - 89,1
2021/11/17,COM,Жена,70 - 79,1
2021/11/17,JANSS,Мъж,50 - 59,1
2021/11/17,JANSS,Жена,70 - 79,1
2021/11/17,AZ,Жена,70 - 79,1
2021/11/17,COM,Жена,80 - 89,1
2021/11/17,AZ,Мъж,70 - 79,1
2021/11/18,COM,Мъж,60 - 69,1
2021/11/18,MOD,Мъж,40 - 49,1
2021/11/18,COM,Жена,70 - 79,1
2021/11/18,COM,Жена,80 - 89,1
2021/11/18,AZ,Жена,60 - 69,1
2021/11/18,AZ,Мъж,70 - 79,1
2021/11/18,COM,Мъж,70 - 79,4
2021/11/18,COM,Жена,60 - 69,1
2021/11/18,AZ,Жена,70 - 79,1
2021/11/18,AZ,Мъж,60 - 69,1
2021/11/19,COM,Жена,90+,1
2021/11/19,JANSS,Мъж,20 - 29,1
2021/11/19,AZ,Мъж,70 - 79,3
2021/11/19,MOD,Мъж,70 - 79,1
2021/11/19,COM,Жена,70 - 79,1
2021/11/19,COM,Мъж,60 - 69,1
2021/11/19,COM,Мъж,80 - 89,1
2021/11/20,COM,Жена,80 - 89,1
2021/11/20,JANSS,Жена,70 - 79,1
2021/11/20,COM,Мъж,40 - 49,1
2021/11/20,JANSS,Мъж,40 - 49,1
2021/11/21,AZ,Мъж,70 - 79,1
2021/11/21,COM,Мъж,70 - 79,1
2021/11/21,COM,Жена,80 - 89,2
2021/11/21,COM,Мъж,50 - 59,1
2021/11/21,MOD,Мъж,70 - 79,1
2021/11/22,COM,Мъж,40 - 49,1
2021/11/22,AZ,Мъж,70 - 79,1
2021/11/22,COM,Жена,70 - 79,1
2021/11/22,AZ,Жена,70 - 79,3
2021/11/22,AZ,Жена,80 - 89,2
2021/11/22,JANSS,Мъж,60 - 69,1
2021/11/22,COM,Мъж,80 - 89,1
2021/11/22,AZ,Мъж,60 - 69,1
2021/11/22,COM,Мъж,70 - 79,3
2021/11/22,COM,Мъж,50 - 59,2
2021/11/22,COM,Мъж,60 - 69,1
2021/11/22,MOD,Жена,80 - 89,1
2021/11/22,JANSS,Мъж,40 - 49,1
2021/11/23,JANSS,Жена,70 - 79,1
2021/11/23,AZ,Жена,80 - 89,1
2021/11/23,COM,Мъж,80 - 89,1
2021/11/23,JANSS,Мъж,40 - 49,1
2021/11/23,MOD,Мъж,70 - 79,1
2021/11/23,MOD,Жена,60 - 69,1
2021/11/23,COM,Жена,70 - 79,1
2021/11/23,AZ,Мъж,70 - 79,2
2021/11/24,AZ,Мъж,70 - 79,1
2021/11/24,COM,Мъж,80 - 89,1
2021/11/24,AZ,Жена,70 - 79,1
2021/11/24,COM,Мъж,70 - 79,1
2021/11/24,JANSS,Мъж,70 - 79,1
2021/11/24,JANSS,Мъж,80 - 89,1
2021/11/25,JANSS,Жена,70 - 79,1
2021/11/25,COM,Жена,80 - 89,2
2021/11/25,AZ,Мъж,70 - 79,2
2021/11/25,AZ,Жена,70 - 79,1
2021/11/25,COM,Мъж,70 - 79,1
2021/11/25,AZ,Жена,60 - 69,1
2021/11/25,COM,Мъж,60 - 69,3
2021/11/25,JANSS,Мъж,40 - 49,1
2021/11/26,COM,Мъж,70 - 79,2
2021/11/26,COM,Мъж,60 - 69,1
2021/11/26,AZ,Мъж,70 - 79,2
2021/11/26,JANSS,Жена,70 - 79,1
2021/11/26,MOD,Жена,80 - 89,1
2021/11/26,COM,Жена,70 - 79,2
2021/11/27,COM,Мъж,90+,1
2021/11/27,AZ,Мъж,60 - 69,1
2021/11/27,AZ,Мъж,70 - 79,1
2021/11/27,AZ,Жена,60 - 69,1
2021/11/28,JANSS,Мъж,60 - 69,1
2021/11/28,AZ,Жена,70 - 79,2
2021/11/28,AZ,Мъж,60 - 69,1
2021/11/29,JANSS,Жена,50 - 59,1
2021/11/29,JANSS,Мъж,50 - 59,1
2021/11/29,AZ,Жена,80 - 89,1
2021/11/29,AZ,Мъж,60 - 69,1
2021/11/29,AZ,Мъж,70 - 79,1
2021/11/29,COM,Мъж,50 - 59,1
2021/11/29,COM,Жена,80 - 89,1
2021/11/29,JANSS,Жена,60 - 69,1
2021/11/29,COM,Жена,60 - 69,3
2021/11/29,JANSS,Мъж,70 - 79,2
2021/11/29,COM,Мъж,80 - 89,3
2021/11/29,MOD,Мъж,80 - 89,1
2021/11/29,JANSS,Мъж,80 - 89,2
2021/11/30,JANSS,Мъж,40 - 49,1
2021/11/30,COM,Мъж,70 - 79,2
2021/11/30,COM,Жена,60 - 69,2
2021/11/30,AZ,Мъж,80 - 89,1
2021/11/30,COM,Жена,80 - 89,2
2021/11/30,AZ,Жена,70 - 79,1
2021/11/30,AZ,Мъж,70 - 79,1
2021/11/30,MOD,Жена,70 - 79,1
2021/11/30,JANSS,Жена,70 - 79,1
2021/11/30,JANSS,Мъж,30 - 39,1
2021/11/30,AZ,Жена,80 - 89,1
2021/12/01,COM,Мъж,70 - 79,3
2021/12/01,COM,Мъж,80 - 89,1
2021/12/01,JANSS,Жена,60 - 69,1
2021/12/01,COM,Жена,80 - 89,1
2021/12/01,AZ,Мъж,80 - 89,1
2021/12/01,MOD,Мъж,70 - 79,1
2021/12/01,AZ,Мъж,70 - 79,2
2021/12/01,JANSS,Мъж,40 - 49,1
2021/12/01,MOD,Жена,70 - 79,1
2021/12/02,AZ,Мъж,70 - 79,2
2021/12/02,MOD,Жена,70 - 79,1
2021/12/02,COM,Жена,60 - 69,1
2021/12/02,JANSS,Мъж,30 - 39,1
2021/12/02,COM,Мъж,60 - 69,1
2021/12/02,COM,Мъж,70 - 79,1
2021/12/02,AZ,Жена,60 - 69,1
2021/12/03,COM,Мъж,70 - 79,1
2021/12/03,COM,Жена,60 - 69,1
2021/12/03,JANSS,Жена,60 - 69,1
2021/12/03,JANSS,Мъж,60 - 69,1
2021/12/03,AZ,Мъж,70 - 79,1
2021/12/03,MOD,Мъж,80 - 89,1
2021/12/03,COM,Мъж,80 - 89,1
2021/12/03,COM,Мъж,50 - 59,1
2021/12/03,JANSS,Мъж,40 - 49,1
2021/12/03,JANSS,Мъж,50 - 59,1
2021/12/03,AZ,Жена,70 - 79,1
2021/12/03,COM,Жена,80 - 89,1
2021/12/03,JANSS,Жена,70 - 79,2
2021/12/04,AZ,Мъж,60 - 69,1
2021/12/04,AZ,Мъж,70 - 79,1
2021/12/04,AZ,Жена,50 - 59,1
2021/12/04,COM,Жена,50 - 59,1
2021/12/04,JANSS,Мъж,70 - 79,1
2021/12/05,-,-,-,0
2021/12/06,COM,Мъж,80 - 89,3
2021/12/06,AZ,Мъж,70 - 79,3
2021/12/06,COM,Жена,60 - 69,1
2021/12/06,COM,Мъж,70 - 79,1
2021/12/06,AZ,Мъж,60 - 69,1
2021/12/06,COM,Жена,70 - 79,1
2021/12/06,COM,Жена,80 - 89,1
2021/12/06,JANSS,Жена,50 - 59,1
2021/12/06,AZ - COM,Мъж,60 - 69,1
2021/12/07,COM,Мъж,80 - 89,1
2021/12/07,COM,Мъж,70 - 79,1
2021/12/07,AZ,Жена,70 - 79,1
2021/12/08,COM,Жена,80 - 89,1
2021/12/08,AZ,Жена,60 - 69,1
2021/12/08,JANSS,Мъж,60 - 69,3
2021/12/08,COM,Мъж,70 - 79,2
2021/12/08,COM,Жена,60 - 69,1
2021/12/08,AZ,Мъж,80 - 89,2
2021/12/08,JANSS,Мъж,30 - 39,1
2021/12/09,MOD,Мъж,70 - 79,1
2021/12/09,JANSS,Мъж,70 - 79,2
2021/12/09,COM,Мъж,70 - 79,2
2021/12/10,AZ,Мъж,70 - 79,2
2021/12/10,JANSS,Мъж,50 - 59,1
2021/12/10,COM,Мъж,60 - 69,1
2021/12/10,COM,Жена,70 - 79,1
2021/12/10,JANSS,Мъж,60 - 69,1
2021/12/11,AZ,Мъж,80 - 89,1
2021/12/11,COM,Мъж,70 - 79,1
2021/12/11,COM,Мъж,80 - 89,1
2021/12/11,JANSS,Мъж,40 - 49,1
2021/12/12,COM,Жена,70 - 79,1
2021/12/12,COM,Мъж,80 - 89,1
2021/12/12,COM,Жена,80 - 89,1
2021/12/13,AZ,Мъж,70 - 79,1
2021/12/13,AZ,Жена,70 - 79,2
2021/12/13,COM,Мъж,70 - 79,1
2021/12/13,JANSS,Жена,80 - 89,1
2021/12/13,COM,Мъж,80 - 89,1
2021/12/13,COM,Мъж,60 - 69,1
2021/12/13,COM,Жена,80 - 89,2
2021/12/13,JANSS,Мъж,70 - 79,1
2021/12/13,COM,Мъж,40 - 49,1
2021/12/14,COM,Жена,60 - 69,1
2021/12/14,COM,Мъж,60 - 69,2
2021/12/14,AZ,Мъж,60 - 69,1
2021/12/14,COM,Жена,70 - 79,1
2021/12/14,COM,Мъж,80 - 89,2
2021/12/14,AZ,Мъж,70 - 79,1
2021/12/14,AZ,Мъж,80 - 89,1
2021/12/15,COM,Мъж,60 - 69,1
2021/12/15,MOD,Жена,90+,1
2021/12/15,JANSS,Мъж,80 - 89,1
2021/12/16,MOD,Жена,80 - 89,1
2021/12/16,COM,Жена,70 - 79,1
2021/12/16,COM,Мъж,70 - 79,1
2021/12/16,JANSS,Мъж,60 - 69,2
2021/12/16,AZ,Мъж,70 - 79,1
2021/12/16,JANSS,Мъж,70 - 79,1
2021/12/16,MOD,Мъж,70 - 79,1
2021/12/16,COM,Мъж,60 - 69,2
2021/12/16,JANSS,Жена,50 - 59,1
2021/12/17,COM,Мъж,70 - 79,1
2021/12/17,COM,Жена,80 - 89,1
2021/12/17,AZ,Мъж,90+,1
2021/12/17,AZ,Жена,70 - 79,1
2021/12/17,AZ,Мъж,70 - 79,1
2021/12/18,COM,Жена,70 - 79,2
2021/12/19,AZ,Жена,60 - 69,1
2021/12/19,JANSS,Жена,80 - 89,1
2021/12/19,COM,Мъж,70 - 79,1
2021/12/19,JANSS,Мъж,50 - 59,2
2021/12/19,COM,Мъж,80 - 89,2
2021/12/19,AZ,Жена,80 - 89,1
2021/12/20,COM,Жена,60 - 69,1
2021/12/20,COM,Мъж,40 - 49,1
2021/12/20,COM,Мъж,80 - 89,1
2021/12/20,AZ,Мъж,70 - 79,1
2021/12/20,JANSS,Жена,50 - 59,1
2021/12/20,JANSS,Мъж,60 - 69,1
2021/12/20,COM,Мъж,70 - 79,3
2021/12/21,COM,Мъж,60 - 69,1
2021/12/21,JANSS,Мъж,40 - 49,2
2021/12/21,AZ,Мъж,80 - 89,1
2021/12/21,JANSS,Мъж,50 - 59,1
2021/12/21,AZ,Жена,70 - 79,1
2021/12/21,AZ,Мъж,70 - 79,1
2021/12/21,MOD,Мъж,70 - 79,1
2021/12/21,MOD,Жена,70 - 79,1
2021/12/22,COM,Мъж,60 - 69,1
2021/12/22,AZ,Мъж,60 - 69,1
2021/12/22,COM,Мъж,70 - 79,1
2021/12/23,AZ,Мъж,80 - 89,1
2021/12/23,COM,Мъж,80 - 89,1
2021/12/23,AZ,Мъж,60 - 69,1
2021/12/23,AZ,Жена,80 - 89,1
2021/12/23,AZ,Мъж,70 - 79,1
2021/12/24,AZ,Мъж,70 - 79,1
2021/12/24,COM,Мъж,70 - 79,1
2021/12/24,COM,Мъж,80 - 89,1
2021/12/24,COM,Мъж,60 - 69,1
2021/12/24,MOD,Мъж,70 - 79,1
2021/12/24,COM,Жена,80 - 89,1
2021/12/25,COM,Мъж,60 - 69,2
2021/12/26,JANSS,Мъж,60 - 69,1
2021/12/26,AZ,Мъж,60 - 69,1
2021/12/26,COM,Мъж,70 - 79,1
2021/12/26,COM,Жена,80 - 89,1
2021/12/27,COM,Мъж,90+,1
2021/12/27,AZ,Жена,70 - 79,1
2021/12/28,JANSS,Жена,30 - 39,1
2021/12/28,COM,Мъж,80 - 89,1
2021/12/28,AZ,Мъж,70 - 79,1
2021/12/28,MOD,Жена,70 - 79,1
2021/12/28,COM,Мъж,70 - 79,1
2021/12/29,COM,Мъж,70 - 79,3
2021/12/29,JANSS,Жена,70 - 79,1
2021/12/29,MOD,Мъж,70 - 79,1
2021/12/29,AZ,Мъж,70 - 79,1
2021/12/29,JANSS,Мъж,20 - 29,1
2021/12/29,COM,Жена,70 - 79,1
2021/12/29,AZ,Мъж,60 - 69,1
2021/12/29,JANSS,Мъж,70 - 79,1
2021/12/29,COM,Жена,80 - 89,2
2021/12/30,COM,Мъж,50 - 59,1
2021/12/30,COM,Жена,70 - 79,1
2021/12/30,AZ,Мъж,60 - 69,1
2021/12/30,COM,Жена,60 - 69,1
2021/12/30,COM,Мъж,70 - 79,1
2021/12/31,JANSS,Мъж,70 - 79,1
2021/12/31,JANSS,Мъж,60 - 69,1
2021/12/31,COM,Мъж,70 - 79,1
2021/12/31,COM,Мъж,50 - 59,1
2022/01/01,MOD,Жена,50 - 59,1
2022/01/02,COM,Мъж,70 - 79,1
2022/01/02,AZ,Мъж,60 - 69,1
2022/01/02,JANSS,Жена,70 - 79,1
2022/01/02,JANSS,Мъж,60 - 69,1
2022/01/03,COM,Мъж,70 - 79,1
2022/01/03,AZ,Мъж,60 - 69,1
2022/01/04,MOD,Мъж,70 - 79,1
2022/01/04,COM,Мъж,80 - 89,2
2022/01/04,JANSS,Мъж,50 - 59,1
2022/01/04,COM,Мъж,70 - 79,2
2022/01/04,JANSS,Жена,80 - 89,1
2022/01/04,JANSS,Мъж,60 - 69,1
2022/01/04,COM,Жена,70 - 79,2
2022/01/04,AZ,Мъж,70 - 79,2
2022/01/04,COM,Жена,90+,1
2022/01/04,JANSS,Жена,40 - 49,1
2022/01/04,AZ - COM,Жена,80 - 89,1
2022/01/05,COM,Жена,50 - 59,1
2022/01/05,AZ,Мъж,60 - 69,1
2022/01/05,COM,Мъж,80 - 89,1
2022/01/05,COM,Жена,70 - 79,1
2022/01/06,JANSS,Мъж,70 - 79,1
2022/01/06,JANSS,Мъж,50 - 59,1
2022/01/07,COM,Мъж,60 - 69,1
2022/01/07,COM,Жена,70 - 79,1
2022/01/07,COM,Жена,80 - 89,1
2022/01/07,AZ,Мъж,80 - 89,1
2022/01/07,COM,Мъж,70 - 79,1
2022/01/07,COM,Мъж,40 - 49,1
2022/01/07,AZ,Мъж,60 - 69,1
2022/01/08,-,-,-,0
2022/01/09,AZ,Жена,70 - 79,1
2022/01/09,JANSS,Мъж,70 - 79,1
2022/01/09,JANSS,Мъж,40 - 49,1
2022/01/09,COM,Мъж,60 - 69,1
2022/01/09,COM,Жена,70 - 79,1
2022/01/09,COM,Жена,80 - 89,1
2022/01/09,JANSS,Мъж,60 - 69,1
2022/01/10,AZ,Мъж,70 - 79,1
2022/01/10,AZ,Мъж,30 - 39,1
2022/01/10,JANSS,Мъж,80 - 89,1
2022/01/10,JANSS,Мъж,50 - 59,1
2022/01/10,COM,Жена,80 - 89,1
2022/01/10,COM,Жена,50 - 59,1
2022/01/11,MOD,Мъж,70 - 79,1
2022/01/11,AZ,Мъж,70 - 79,2
2022/01/11,AZ,Мъж,80 - 89,1
2022/01/11,COM,Мъж,60 - 69,1
2022/01/11,COM,Жена,80 - 89,2
2022/01/12,COM,Жена,60 - 69,1
2022/01/12,JANSS,Жена,50 - 59,1
2022/01/12,JANSS,Мъж,50 - 59,1
2022/01/12,COM,Мъж,60 - 69,1
2022/01/12,AZ,Мъж,80 - 89,1
2022/01/12,AZ,Мъж,70 - 79,1
2022/01/13,MOD,Мъж,60 - 69,1
2022/01/13,JANSS,Жена,60 - 69,1
2022/01/13,JANSS,Мъж,60 - 69,1
2022/01/13,COM,Мъж,80 - 89,1
2022/01/14,JANSS,Жена,60 - 69,1
2022/01/14,COM,Жена,70 - 79,1
2022/01/14,COM,Жена,60 - 69,1
2022/01/14,COM,Мъж,70 - 79,3
2022/01/14,AZ - COM,Мъж,80 - 89,1
2022/01/14,MOD,Мъж,70 - 79,1
2022/01/15,JANSS,Мъж,80 - 89,1
2022/01/15,COM,Мъж,70 - 79,1
2022/01/16,COM,Мъж,70 - 79,1
2022/01/16,COM,Жена,60 - 69,1
2022/01/16,JANSS,Мъж,70 - 79,1
2022/01/17,COM,Мъж,80 - 89,2
2022/01/17,MOD,Жена,80 - 89,1
2022/01/17,MOD,Мъж,70 - 79,2
2022/01/17,COM,Жена,60 - 69,1
2022/01/17,COM,Мъж,70 - 79,3
2022/01/17,JANSS,Жена,80 - 89,1
2022/01/17,AZ,Мъж,60 - 69,1
2022/01/17,JANSS,Мъж,80 - 89,1
2022/01/17,COM,Мъж,60 - 69,1
2022/01/18,JANSS,Мъж,40 - 49,1
2022/01/18,COM,Мъж,80 - 89,1
2022/01/18,AZ - COM,Мъж,60 - 69,1
2022/01/18,COM,Жена,80 - 89,1
2022/01/18,AZ,Мъж,70 - 79,1
2022/01/18,JANSS,Жена,40 - 49,1
2022/01/18,COM,Мъж,50 - 59,1
2022/01/19,COM,Жена,70 - 79,1
2022/01/19,JANSS,Мъж,50 - 59,2
2022/01/19,COM,Мъж,40 - 49,1
2022/01/19,COM,Мъж,70 - 79,1
2022/01/20,JANSS,Мъж,50 - 59,2
2022/01/20,COM,Жена,60 - 69,1
2022/01/20,COM,Мъж,70 - 79,3
2022/01/20,JANSS,Жена,50 - 59,1
2022/01/20,AZ - COM,Мъж,80 - 89,1
2022/01/20,COM,Жена,70 - 79,1
2022/01/21,COM,Мъж,70 - 79,1
2022/01/21,COM,Жена,70 - 79,1
2022/01/21,COM,Мъж,80 - 89,2
2022/01/21,COM,Жена,30 - 39,1
2022/01/22,MOD,Мъж,70 - 79,1
2022/01/22,COM,Мъж,80 - 89,1
2022/01/22,COM,Жена,70 - 79,1
2022/01/22,COM,Мъж,70 - 79,1
2022/01/22,JANSS,Жена,40 - 49,1
2022/01/22,COM,Жена,80 - 89,1
2022/01/23,-,-,-,0
2022/01/24,JANSS,Мъж,70 - 79,1
2022/01/24,COM,Мъж,70 - 79,3
2022/01/24,COM,Мъж,40 - 49,1
2022/01/24,JANSS,Мъж,60 - 69,1
2022/01/24,COM,Мъж,80 - 89,2
2022/01/24,AZ,Жена,70 - 79,1
2022/01/24,MOD,Мъж,70 - 79,1
2022/01/24,JANSS,Жена,70 - 79,1
2022/01/24,MOD,Мъж,50 - 59,1
2022/01/25,MOD,Мъж,70 - 79,1
2022/01/25,JANSS,Мъж,80 - 89,1
2022/01/25,COM,Жена,80 - 89,1
2022/01/25,AZ,Мъж,50 - 59,1
2022/01/25,JANSS,Жена,70 - 79,1
2022/01/25,COM - MOD,Мъж,70 - 79,1
2022/01/25,AZ,Мъж,70 - 79,1
2022/01/25,MOD,Жена,70 - 79,1
2022/01/25,JANSS,Мъж,70 - 79,2
2022/01/25,JANSS,Мъж,50 - 59,1
2022/01/25,COM,Мъж,60 - 69,1
2022/01/26,AZ,Мъж,40 - 49,1
2022/01/26,JANSS,Жена,50 - 59,1
2022/01/26,COM - MOD,Мъж,80 - 89,1
2022/01/26,JANSS,Мъж,70 - 79,1
2022/01/26,COM,Мъж,80 - 89,2
2022/01/26,COM,Мъж,60 - 69,1
2022/01/26,MOD,Мъж,50 - 59,1
2022/01/26,MOD,Мъж,60 - 69,1
2022/01/26,COM,Мъж,70 - 79,1
2022/01/27,COM,Жена,60 - 69,1
2022/01/27,COM,Жена,70 - 79,2
2022/01/27,JANSS,Мъж,60 - 69,1
2022/01/27,COM,Мъж,70 - 79,1
2022/01/27,AZ,Мъж,50 - 59,1
2022/01/27,MOD,Мъж,60 - 69,1
2022/01/27,AZ,Жена,80 - 89,1
2022/01/28,AZ,Жена,80 - 89,1
2022/01/28,MOD,Мъж,30 - 39,1
2022/01/28,COM,Мъж,70 - 79,1
2022/01/28,MOD,Мъж,70 - 79,1
2022/01/28,JANSS,Жена,70 - 79,1
2022/01/28,JANSS,Мъж,70 - 79,1
2022/01/28,COM,Мъж,50 - 59,1
2022/01/28,COM,Жена,70 - 79,1
2022/01/29,-,-,-,0
2022/01/30,JANSS,Жена,30 - 39,1
2022/01/30,COM,Мъж,80 - 89,2
2022/01/31,JANSS,Жена,60 - 69,1
2022/01/31,COM,Жена,60 - 69,1
2022/01/31,JANSS,Мъж,40 - 49,1
2022/01/31,COM,Жена,80 - 89,2
2022/01/31,JANSS,Жена,70 - 79,2
2022/01/31,COM,Мъж,80 - 89,2
2022/01/31,COM,Жена,70 - 79,1
2022/01/31,AZ,Мъж,60 - 69,1
2022/01/31,AZ - COM,Мъж,70 - 79,1
2022/01/31,JANSS,Мъж,30 - 39,1
2022/01/31,COM,Мъж,70 - 79,3
2022/01/31,AZ,Жена,80 - 89,1
2022/01/31,COM,Жена,40 - 49,1
2022/01/31,AZ - COM,Мъж,80 - 89,1
2022/02/01,JANSS,Жена,70 - 79,2
2022/02/01,MOD,Мъж,70 - 79,2
2022/02/01,AZ,Жена,70 - 79,1
2022/02/01,COM,Жена,80 - 89,1
2022/02/01,COM,Мъж,40 - 49,1
2022/02/01,COM,Мъж,80 - 89,2
2022/02/01,COM,Жена,70 - 79,1
2022/02/01,AZ - COM,Мъж,80 - 89,1
2022/02/01,JANSS,Мъж,70 - 79,2
2022/02/01,COM,Мъж,70 - 79,2
2022/02/02,JANSS,Жена,70 - 79,1
2022/02/02,COM,Мъж,60 - 69,1
2022/02/02,COM,Мъж,80 - 89,1
2022/02/02,COM,Жена,50 - 59,1
2022/02/02,COM,Мъж,70 - 79,3
2022/02/02,COM,Мъж,50 - 59,1
2022/02/02,COM,Жена,80 - 89,1
2022/02/02,COM,Жена,70 - 79,1
2022/02/02,AZ,Мъж,70 - 79,1
2022/02/02,COM,Жена,60 - 69,1
2022/02/03,COM,Мъж,80 - 89,2
2022/02/03,MOD,Мъж,70 - 79,2
2022/02/03,COM,Мъж,60 - 69,2
2022/02/03,COM,Жена,50 - 59,1
2022/02/03,COM,Жена,70 - 79,1
2022/02/03,COM - MOD,Мъж,60 - 69,1
2022/02/03,AZ,Жена,70 - 79,1
2022/02/03,COM,Мъж,70 - 79,1
2022/02/04,AZ,Жена,80 - 89,1
2022/02/04,COM,Мъж,70 - 79,2
2022/02/04,COM,Мъж,60 - 69,1
2022/02/04,COM,Мъж,80 - 89,2
2022/02/04,JANSS,Мъж,70 - 79,1
2022/02/04,COM,Жена,60 - 69,1
2022/02/04,JANSS,Мъж,80 - 89,1
2022/02/04,MOD,Жена,70 - 79,1
2022/02/05,COM,Мъж,60 - 69,1
2022/02/05,COM,Мъж,80 - 89,1
2022/02/05,JANSS,Мъж,70 - 79,1
2022/02/05,JANSS,Мъж,50 - 59,1
2022/02/06,COM,Мъж,80 - 89,2
2022/02/06,COM,Мъж,30 - 39,1
2022/02/07,COM,Мъж,60 - 69,3
2022/02/07,JANSS,Мъж,70 - 79,3
2022/02/07,JANSS,Мъж,50 - 59,1
2022/02/07,COM,Жена,70 - 79,1
2022/02/07,COM,Мъж,70 - 79,5
2022/02/07,AZ,Жена,70 - 79,1
2022/02/07,COM,Жена,80 - 89,1
2022/02/07,COM,Жена,50 - 59,1
2022/02/07,JANSS,Жена,60 - 69,1
2022/02/08,COM,Мъж,40 - 49,1
2022/02/08,COM,Мъж,80 - 89,1
2022/02/08,COM,Жена,60 - 69,1
2022/02/08,JANSS,Жена,60 - 69,1
2022/02/08,COM,Мъж,70 - 79,1
2022/02/08,AZ,Жена,70 - 79,1
2022/02/08,COM,Жена,70 - 79,2
2022/02/09,MOD,Жена,50 - 59,1
2022/02/09,JANSS,Мъж,80 - 89,1
2022/02/09,COM,Мъж,60 - 69,2
2022/02/09,COM,Жена,80 - 89,1
2022/02/09,COM,Жена,60 - 69,1
2022/02/09,COM,Мъж,80 - 89,1
2022/02/09,MOD,Мъж,70 - 79,1
2022/02/09,JANSS,Мъж,50 - 59,2
2022/02/09,COM,Мъж,70 - 79,2
2022/02/09,JANSS,Мъж,70 - 79,1
2022/02/10,COM,Жена,80 - 89,2
2022/02/10,COM,Мъж,80 - 89,2
2022/02/10,COM,Мъж,90+,1
2022/02/10,COM,Мъж,60 - 69,1
2022/02/10,COM - JANSS,Мъж,90+,1
2022/02/10,JANSS,Мъж,70 - 79,1
2022/02/10,COM,Мъж,70 - 79,2
2022/02/10,JANSS,Мъж,40 - 49,1
2022/02/11,JANSS,Жена,70 - 79,1
2022/02/11,COM,Жена,70 - 79,1
2022/02/11,COM,Мъж,50 - 59,1
2022/02/11,AZ - COM,Мъж,80 - 89,1
2022/02/11,COM,Мъж,70 - 79,3
2022/02/11,JANSS,Мъж,70 - 79,1
2022/02/11,COM,Жена,80 - 89,1
2022/02/11,MOD,Мъж,50 - 59,1
2022/02/11,JANSS,Мъж,50 - 59,1
2022/02/11,JANSS,Мъж,60 - 69,1
2022/02/12,COM,Мъж,80 - 89,1
2022/02/12,JANSS,Жена,60 - 69,1
2022/02/12,JANSS,Мъж,80 - 89,1
2022/02/13,COM,Мъж,70 - 79,1
2022/02/13,COM,Жена,80 - 89,1
2022/02/13,COM,Мъж,80 - 89,1
2022/02/14,COM,Жена,90+,1
2022/02/14,AZ,Мъж,70 - 79,1
2022/02/14,MOD,Жена,80 - 89,2
2022/02/14,COM,Мъж,90+,1
2022/02/14,JANSS,Мъж,60 - 69,1
2022/02/14,JANSS,Жена,60 - 69,1
2022/02/14,JANSS,Мъж,70 - 79,1
2022/02/14,MOD,Мъж,80 - 89,1
2022/02/14,AZ,Мъж,60 - 69,1
2022/02/14,COM,Мъж,70 - 79,3
2022/02/14,COM,Жена,50 - 59,1
2022/02/14,COM,Жена,80 - 89,5
2022/02/14,COM,Мъж,60 - 69,2
2022/02/14,COM,Жена,70 - 79,2
2022/02/14,COM,Мъж,80 - 89,6
2022/02/15,COM,Мъж,80 - 89,1
2022/02/15,JANSS,Жена,30 - 39,1
2022/02/15,COM,Жена,80 - 89,2
2022/02/15,JANSS,Жена,70 - 79,1
2022/02/15,COM,Мъж,70 - 79,1
2022/02/15,JANSS,Мъж,70 - 79,2
2022/02/15,JANSS,Мъж,50 - 59,1
2022/02/15,COM,Мъж,50 - 59,1
2022/02/15,COM,Мъж,60 - 69,1
2022/02/16,COM,Жена,80 - 89,1
2022/02/16,COM,Мъж,70 - 79,2
2022/02/16,COM,Мъж,90+,1
2022/02/16,JANSS,Мъж,60 - 69,1
2022/02/16,COM,Жена,60 - 69,1
2022/02/16,COM,Мъж,80 - 89,1
2022/02/16,JANSS,Жена,70 - 79,1
2022/02/16,AZ,Жена,80 - 89,1
2022/02/16,COM - JANSS,Мъж,80 - 89,1
2022/02/17,COM,Жена,60 - 69,1
2022/02/17,JANSS,Жена,60 - 69,1
2022/02/17,JANSS,Жена,50 - 59,1
2022/02/17,JANSS,Мъж,70 - 79,1
2022/02/17,COM,Мъж,90+,2
2022/02/17,COM,Мъж,80 - 89,2
2022/02/17,COM,Жена,70 - 79,1
2022/02/17,COM,Жена,90+,1
2022/02/17,COM,Мъж,60 - 69,1
2022/02/18,MOD,Мъж,80 - 89,1
2022/02/18,JANSS,Мъж,70 - 79,1
2022/02/19,MOD,Мъж,80 - 89,1
2022/02/19,COM,Мъж,70 - 79,1
2022/02/20,COM,Жена,80 - 89,1
2022/02/20,COM,Мъж,80 - 89,1
2022/02/20,COM,Мъж,90+,1
2022/02/20,AZ,Жена,60 - 69,1
2022/02/21,MOD,Жена,40 - 49,1
2022/02/21,JANSS,Жена,50 - 59,1
2022/02/21,COM,Мъж,80 - 89,1
2022/02/21,COM,Жена,90+,1
2022/02/21,COM,Мъж,60 - 69,1
2022/02/21,JANSS,Жена,60 - 69,1
2022/02/21,COM,Мъж,70 - 79,2
2022/02/21,JANSS,Мъж,70 - 79,2
2022/02/21,COM,Жена,60 - 69,1
2022/02/21,AZ,Жена,70 - 79,1
2022/02/21,COM - MOD,Мъж,80 - 89,1
2022/02/22,JANSS,Мъж,50 - 59,1
2022/02/22,AZ,Мъж,80 - 89,1
2022/02/22,JANSS,Мъж,90+,1
2022/02/22,COM,Мъж,80 - 89,1
2022/02/22,JANSS,Мъж,70 - 79,1
2022/02/23,AZ - COM,Жена,70 - 79,1
2022/02/23,MOD,Мъж,80 - 89,1
2022/02/23,COM,Мъж,60 - 69,1
2022/02/24,AZ - COM,Мъж,60 - 69,1
2022/02/24,COM - MOD,Мъж,80 - 89,1
2022/02/24,JANSS,Мъж,70 - 79,1
2022/02/24,COM,Жена,70 - 79,1
2022/02/24,COM,Мъж,60 - 69,2
2022/02/24,COM,Мъж,70 - 79,5
2022/02/25,COM,Мъж,70 - 79,1
2022/02/25,COM,Жена,50 - 59,1
2022/02/25,JANSS,Жена,60 - 69,1
2022/02/25,AZ,Мъж,60 - 69,1
2022/02/25,COM,Мъж,80 - 89,1
2022/02/25,MOD,Мъж,70 - 79,1
2022/02/26,AZ,Жена,80 - 89,1
2022/02/26,COM,Мъж,90+,1
2022/02/26,JANSS,Мъж,50 - 59,1
2022/02/26,JANSS,Мъж,80 - 89,1
2022/02/27,COM,Мъж,60 - 69,2
2022/02/28,COM,Мъж,80 - 89,3
2022/02/28,COM,Мъж,70 - 79,2
2022/02/28,COM,Жена,80 - 89,1
2022/02/28,AZ - COM,Жена,60 - 69,1
2022/02/28,AZ,Мъж,70 - 79,1
2022/02/28,MOD,Мъж,50 - 59,1
2022/02/28,AZ,Мъж,80 - 89,1
2022/02/28,AZ - COM,Мъж,80 - 89,1
2022/02/28,JANSS,Жена,60 - 69,2
2022/03/01,COM,Мъж,80 - 89,1
2022/03/01,COM,Мъж,70 - 79,1
2022/03/01,AZ,Мъж,70 - 79,1
2022/03/01,COM,Жена,70 - 79,1
2022/03/02,JANSS,Мъж,70 - 79,1
2022/03/02,COM,Жена,80 - 89,1
2022/03/02,COM,Мъж,80 - 89,1
2022/03/02,AZ - COM,Мъж,80 - 89,1
2022/03/03,AZ - COM,Мъж,80 - 89,1
2022/03/04,AZ,Жена,80 - 89,1
2022/03/04,COM,Жена,50 - 59,1
2022/03/04,COM,Мъж,70 - 79,2
2022/03/04,COM,Мъж,80 - 89,1
2022/03/04,COM,Жена,60 - 69,1
2022/03/05,COM,Мъж,50 - 59,1
2022/03/05,COM,Жена,80 - 89,1
2022/03/05,JANSS,Мъж,70 - 79,1
2022/03/06,-,-,-,0
2022/03/07,COM,Жена,30 - 39,1
2022/03/07,AZ,Жена,70 - 79,1
2022/03/07,COM,Жена,40 - 49,1
2022/03/07,COM,Жена,80 - 89,1
2022/03/07,JANSS,Мъж,60 - 69,2
2022/03/07,JANSS,Мъж,70 - 79,1
2022/03/07,AZ,Мъж,90+,1
2022/03/07,COM,Мъж,70 - 79,1
2022/03/07,COM,Мъж,80 - 89,1
2022/03/08,AZ,Мъж,60 - 69,1
2022/03/08,COM,Мъж,60 - 69,1
2022/03/09,AZ - COM,Мъж,80 - 89,1
2022/03/09,JANSS,Мъж,70 - 79,1
2022/03/09,JANSS,Жена,80 - 89,1
2022/03/10,MOD,Жена,70 - 79,1
2022/03/10,JANSS,Мъж,50 - 59,1
2022/03/10,COM,Мъж,80 - 89,1
2022/03/11,COM,Жена,80 - 89,1
2022/03/11,COM,Жена,70 - 79,1
2022/03/11,AZ - COM,Мъж,80 - 89,1
2022/03/12,COM,Жена,80 - 89,1
2022/03/12,COM,Мъж,70 - 79,1
2022/03/12,AZ,Мъж,80 - 89,1
2022/03/13,COM,Жена,80 - 89,1
2022/03/14,AZ,Мъж,80 - 89,1
2022/03/14,JANSS,Мъж,50 - 59,1
2022/03/14,COM,Мъж,70 - 79,2
2022/03/14,COM,Мъж,80 - 89,4
2022/03/14,COM,Мъж,60 - 69,1
2022/03/14,COM,Жена,80 - 89,1
2022/03/14,MOD,Мъж,80 - 89,1
2022/03/15,COM,Жена,70 - 79,1
2022/03/15,COM,Мъж,80 - 89,1
2022/03/15,MOD,Мъж,60 - 69,1
2022/03/16,COM,Мъж,80 - 89,1
2022/03/16,JANSS,Мъж,60 - 69,1
2022/03/16,COM,Жена,80 - 89,2
2022/03/16,COM,Мъж,60 - 69,1
2022/03/17,COM,Жена,70 - 79,1
2022/03/17,COM,Мъж,80 - 89,1
2022/03/18,AZ,Мъж,70 - 79,1
2022/03/19,COM,Мъж,40 - 49,1
2022/03/20,-,-,-,0
2022/03/21,COM,Жена,90+,1
2022/03/21,COM - MOD,Жена,70 - 79,1
2022/03/21,COM,Мъж,70 - 79,1
2022/03/21,JANSS,Мъж,70 - 79,1
2022/03/22,COM,Мъж,70 - 79,1
2022/03/22,AZ,Жена,70 - 79,1
2022/03/22,COM,Мъж,80 - 89,1
2022/03/22,MOD,Жена,80 - 89,1
2022/03/23,COM,Мъж,60 - 69,1
2022/03/23,COM,Жена,80 - 89,1
2022/03/23,AZ - COM,Мъж,80 - 89,1
2022/03/24,JANSS,Мъж,40 - 49,1
2022/03/24,JANSS,Мъж,70 - 79,1
2022/03/24,COM,Мъж,80 - 89,1
2022/03/25,COM,Мъж,60 - 69,1
2022/03/25,MOD,Мъж,80 - 89,1
2022/03/25,COM,Жена,80 - 89,1
2022/03/25,COM,Мъж,50 - 59,2
2022/03/26,COM,Жена,80 - 89,1
2022/03/27,-,-,-,0
2022/03/28,MOD,Мъж,40 - 49,1
2022/03/28,JANSS,Жена,70 - 79,1
2022/03/28,COM,Мъж,80 - 89,1
2022/03/29,AZ,Мъж,60 - 69,1
2022/03/29,COM,Жена,70 - 79,2
2022/03/29,MOD,Мъж,70 - 79,1
2022/03/30,MOD,Мъж,70 - 79,1
2022/03/30,COM,Мъж,70 - 79,2
2022/03/31,JANSS,Мъж,80 - 89,1
2022/03/31,COM,Мъж,70 - 79,1
2022/03/31,COM,Мъж,80 - 89,1
2022/04/01,COM,Жена,70 - 79,1
2022/04/01,MOD,Мъж,50 - 59,1
2022/04/02,AZ,Мъж,70 - 79,1
2022/04/03,-,-,-,0
2022/04/04,JANSS,Мъж,50 - 59,1
2022/04/04,AZ,Жена,80 - 89,2
2022/04/04,COM,Жена,80 - 89,2
2022/04/04,AZ,Мъж,40 - 49,1
2022/04/04,COM,Мъж,70 - 79,1
2022/04/04,COM,Мъж,80 - 89,1
2022/04/05,COM,Мъж,80 - 89,1
2022/04/06,COM,Жена,80 - 89,1
2022/04/06,COM,Мъж,60 - 69,1
2022/04/06,COM,Жена,60 - 69,1
2022/04/07,JANSS,Мъж,80 - 89,1
2022/04/07,COM,Мъж,70 - 79,1
2022/04/07,COM,Мъж,80 - 89,1
2022/04/08,COM,Мъж,70 - 79,2
2022/04/09,COM,Мъж,70 - 79,1
2022/04/10,-,-,-,0
2022/04/11,COM,Мъж,70 - 79,5
2022/04/12,JANSS,Мъж,60 - 69,1
2022/04/12,COM,Жена,80 - 89,1
2022/04/13,AZ - COM,Мъж,60 - 69,1
2022/04/13,COM,Мъж,80 - 89,2
2022/04/13,COM,Мъж,70 - 79,2
2022/04/13,COM,Мъж,60 - 69,1
2022/04/13,AZ,Жена,70 - 79,1
2022/04/13,MOD,Мъж,80 - 89,1
2022/04/14,COM,Мъж,70 - 79,1
2022/04/14,COM,Мъж,90+,1
2022/04/15,AZ - COM,Мъж,60 - 69,1
2022/04/15,AZ - COM,Мъж,70 - 79,1
2022/04/16,-,-,-,0
2022/04/17,-,-,-,0
2022/04/18,COM,Мъж,90+,2
2022/04/19,COM,Мъж,80 - 89,1
2022/04/20,JANSS,Жена,80 - 89,1
2022/04/20,COM,Мъж,70 - 79,1
2022/04/20,COM - MOD,Жена,70 - 79,1
2022/04/20,AZ,Жена,70 - 79,1
2022/04/21,-,-,-,0
2022/04/22,-,-,-,0
2022/04/23,COM,Мъж,60 - 69,1
2022/04/24,COM,Мъж,80 - 89,1
2022/04/25,-,-,-,0
2022/04/26,COM,Жена,60 - 69,1
2022/04/26,COM,Мъж,60 - 69,1
2022/04/27,COM - MOD,Мъж,70 - 79,1
2022/04/27,COM,Жена,80 - 89,1
2022/04/28,COM,Мъж,70 - 79,1
2022/04/29,COM,Мъж,60 - 69,1
2022/04/30,-,-,-,0
2022/05/01,-,-,-,0
2022/05/02,-,-,-,0
2022/05/03,AZ,Жена,50 - 59,1
2022/05/03,COM,Жена,70 - 79,1
2022/05/04,AZ - COM,Мъж,80 - 89,1
2022/05/04,COM,Жена,70 - 79,1
2022/05/05,COM,Мъж,80 - 89,1
2022/05/05,COM,Жена,80 - 89,1
2022/05/05,JANSS,Мъж,80 - 89,1
2022/05/05,MOD,Мъж,80 - 89,1
2022/05/05,MOD,Жена,70 - 79,1
